#datatype measurement,dateTime:RFC3339,double,tag
m,time,kW,location
PAT,2024-02-07T08:29:39Z,51.1,ENSEM
PAT,2024-02-07T08:29:54Z,50.5,ENSEM
PAT,2024-02-07T08:30:17Z,50.1,ENSEM
PAT,2024-02-07T08:30:25Z,50.3,ENSEM
PAT,2024-02-07T08:30:40Z,50.1,ENSEM
PAT,2024-02-07T08:30:55Z,50.3,ENSEM
PAT,2024-02-07T08:31:10Z,50.7,ENSEM
PAT,2024-02-07T08:31:25Z,52.1,ENSEM
PAT,2024-02-07T08:31:40Z,53.6,ENSEM
PAT,2024-02-07T08:31:55Z,51.9,ENSEM
PAT,2024-02-07T08:32:10Z,52.8,ENSEM
PAT,2024-02-07T08:32:25Z,52.4,ENSEM
PAT,2024-02-07T08:32:40Z,51.8,ENSEM
PAT,2024-02-07T08:32:55Z,48.8,ENSEM
PAT,2024-02-07T08:33:10Z,49.5,ENSEM
PAT,2024-02-07T08:33:25Z,49.1,ENSEM
PAT,2024-02-07T08:33:41Z,49.2,ENSEM
PAT,2024-02-07T08:33:56Z,48.7,ENSEM
PAT,2024-02-07T08:34:11Z,49.7,ENSEM
PAT,2024-02-07T08:34:26Z,50.2,ENSEM
PAT,2024-02-07T08:34:41Z,49.6,ENSEM
PAT,2024-02-07T08:34:56Z,49.3,ENSEM
PAT,2024-02-07T08:35:11Z,49.1,ENSEM
PAT,2024-02-07T08:35:41Z,49.4,ENSEM
PAT,2024-02-07T08:35:56Z,49.5,ENSEM
PAT,2024-02-07T08:36:11Z,50.3,ENSEM
PAT,2024-02-07T08:36:26Z,49.9,ENSEM
PAT,2024-02-07T08:36:41Z,50.1,ENSEM
PAT,2024-02-07T08:37:11Z,52.3,ENSEM
PAT,2024-02-07T08:37:27Z,50.8,ENSEM
PAT,2024-02-07T08:37:42Z,50.6,ENSEM
PAT,2024-02-07T08:37:57Z,54.2,ENSEM
PAT,2024-02-07T08:38:12Z,53.8,ENSEM
PAT,2024-02-07T08:38:27Z,53.5,ENSEM
PAT,2024-02-07T08:38:44Z,54.4,ENSEM
PAT,2024-02-07T08:39:14Z,55.0,ENSEM
PAT,2024-02-07T08:39:29Z,51.1,ENSEM
PAT,2024-02-07T08:39:59Z,50.6,ENSEM
PAT,2024-02-07T08:40:14Z,51.2,ENSEM
PAT,2024-02-07T08:40:29Z,50.0,ENSEM
PAT,2024-02-07T08:40:45Z,49.7,ENSEM
PAT,2024-02-07T08:41:00Z,49.9,ENSEM
PAT,2024-02-07T08:41:15Z,49.7,ENSEM
PAT,2024-02-07T08:41:45Z,49.9,ENSEM
PAT,2024-02-07T08:42:00Z,49.6,ENSEM
PAT,2024-02-07T08:42:30Z,49.8,ENSEM
PAT,2024-02-07T08:42:45Z,54.2,ENSEM
PAT,2024-02-07T08:43:00Z,55.7,ENSEM
PAT,2024-02-07T08:43:15Z,54.6,ENSEM
PAT,2024-02-07T08:43:30Z,55.0,ENSEM
PAT,2024-02-07T08:43:45Z,54.5,ENSEM
PAT,2024-02-07T08:44:00Z,54.6,ENSEM
PAT,2024-02-07T08:44:16Z,54.5,ENSEM
PAT,2024-02-07T08:44:31Z,55.0,ENSEM
PAT,2024-02-07T08:44:46Z,57.4,ENSEM
PAT,2024-02-07T08:45:16Z,57.0,ENSEM
PAT,2024-02-07T08:45:31Z,57.5,ENSEM
PAT,2024-02-07T08:45:46Z,58.1,ENSEM
PAT,2024-02-07T08:46:01Z,57.3,ENSEM
PAT,2024-02-07T08:46:16Z,55.0,ENSEM
PAT,2024-02-07T08:46:46Z,54.8,ENSEM
PAT,2024-02-07T08:47:02Z,54.9,ENSEM
PAT,2024-02-07T08:47:17Z,54.0,ENSEM
PAT,2024-02-07T08:47:32Z,54.1,ENSEM
PAT,2024-02-07T08:47:47Z,53.0,ENSEM
PAT,2024-02-07T08:48:02Z,53.3,ENSEM
PAT,2024-02-07T08:48:17Z,53.6,ENSEM
PAT,2024-02-07T08:48:32Z,53.8,ENSEM
PAT,2024-02-07T08:48:47Z,53.2,ENSEM
PAT,2024-02-07T08:49:02Z,53.0,ENSEM
PAT,2024-02-07T08:49:17Z,53.7,ENSEM
PAT,2024-02-07T08:49:32Z,54.0,ENSEM
PAT,2024-02-07T08:49:47Z,53.7,ENSEM
PAT,2024-02-07T08:50:02Z,55.2,ENSEM
PAT,2024-02-07T08:50:18Z,54.6,ENSEM
PAT,2024-02-07T08:50:33Z,55.4,ENSEM
PAT,2024-02-07T08:50:48Z,54.7,ENSEM
PAT,2024-02-07T08:51:03Z,54.8,ENSEM
PAT,2024-02-07T08:51:18Z,54.5,ENSEM
PAT,2024-02-07T08:51:33Z,58.1,ENSEM
PAT,2024-02-07T08:51:48Z,57.7,ENSEM
PAT,2024-02-07T08:52:03Z,58.0,ENSEM
PAT,2024-02-07T08:52:18Z,58.3,ENSEM
PAT,2024-02-07T08:52:33Z,57.9,ENSEM
PAT,2024-02-07T08:52:48Z,56.7,ENSEM
PAT,2024-02-07T08:53:03Z,54.7,ENSEM
PAT,2024-02-07T08:53:18Z,54.9,ENSEM
PAT,2024-02-07T08:53:34Z,55.2,ENSEM
PAT,2024-02-07T08:53:49Z,54.8,ENSEM
PAT,2024-02-07T08:54:04Z,55.1,ENSEM
PAT,2024-02-07T08:54:19Z,54.1,ENSEM
PAT,2024-02-07T08:54:34Z,55.2,ENSEM
PAT,2024-02-07T08:54:49Z,53.9,ENSEM
PAT,2024-02-07T08:55:04Z,54.0,ENSEM
PAT,2024-02-07T08:55:19Z,53.8,ENSEM
PAT,2024-02-07T08:55:34Z,54.4,ENSEM
PAT,2024-02-07T08:55:49Z,54.3,ENSEM
PAT,2024-02-07T08:56:19Z,54.0,ENSEM
PAT,2024-02-07T08:56:35Z,55.1,ENSEM
PAT,2024-02-07T08:56:50Z,55.3,ENSEM
PAT,2024-02-07T08:57:21Z,54.9,ENSEM
PAT,2024-02-07T08:58:06Z,57.4,ENSEM
PAT,2024-02-07T08:58:38Z,57.8,ENSEM
PAT,2024-02-07T08:58:53Z,58.0,ENSEM
PAT,2024-02-07T08:59:23Z,55.5,ENSEM
PAT,2024-02-07T08:59:38Z,55.6,ENSEM
PAT,2024-02-07T08:59:53Z,55.4,ENSEM
PAT,2024-02-07T09:00:08Z,55.0,ENSEM
PAT,2024-02-07T09:00:24Z,55.9,ENSEM
PAT,2024-02-07T09:00:54Z,55.8,ENSEM
PAT,2024-02-07T09:01:09Z,55.9,ENSEM
PAT,2024-02-07T09:01:24Z,55.0,ENSEM
PAT,2024-02-07T09:01:54Z,55.3,ENSEM
PAT,2024-02-07T09:02:09Z,55.1,ENSEM
PAT,2024-02-07T09:02:39Z,54.6,ENSEM
PAT,2024-02-07T09:02:54Z,55.2,ENSEM
PAT,2024-02-07T09:03:24Z,56.2,ENSEM
PAT,2024-02-07T09:03:39Z,55.2,ENSEM
PAT,2024-02-07T09:03:54Z,55.0,ENSEM
PAT,2024-02-07T09:04:09Z,55.3,ENSEM
PAT,2024-02-07T09:04:25Z,56.1,ENSEM
PAT,2024-02-07T09:04:40Z,56.4,ENSEM
PAT,2024-02-07T09:04:55Z,56.8,ENSEM
PAT,2024-02-07T09:05:10Z,56.2,ENSEM
PAT,2024-02-07T09:05:25Z,56.3,ENSEM
PAT,2024-02-07T09:05:40Z,56.0,ENSEM
PAT,2024-02-07T09:05:55Z,56.7,ENSEM
PAT,2024-02-07T09:06:10Z,53.9,ENSEM
PAT,2024-02-07T09:06:25Z,54.1,ENSEM
PAT,2024-02-07T09:06:40Z,53.1,ENSEM
PAT,2024-02-07T09:06:55Z,53.6,ENSEM
PAT,2024-02-07T09:07:10Z,54.1,ENSEM
PAT,2024-02-07T09:07:25Z,53.3,ENSEM
PAT,2024-02-07T09:07:56Z,54.0,ENSEM
PAT,2024-02-07T09:08:11Z,54.3,ENSEM
PAT,2024-02-07T09:08:26Z,54.2,ENSEM
PAT,2024-02-07T09:08:41Z,53.6,ENSEM
PAT,2024-02-07T09:08:56Z,53.4,ENSEM
PAT,2024-02-07T09:09:11Z,54.2,ENSEM
PAT,2024-02-07T09:09:26Z,55.2,ENSEM
PAT,2024-02-07T09:09:41Z,54.0,ENSEM
PAT,2024-02-07T09:10:11Z,53.9,ENSEM
PAT,2024-02-07T09:10:26Z,53.7,ENSEM
PAT,2024-02-07T09:10:41Z,54.1,ENSEM
PAT,2024-02-07T09:11:11Z,54.5,ENSEM
PAT,2024-02-07T09:11:26Z,56.5,ENSEM
PAT,2024-02-07T09:11:42Z,57.1,ENSEM
PAT,2024-02-07T09:11:57Z,57.3,ENSEM
PAT,2024-02-07T09:12:12Z,57.6,ENSEM
PAT,2024-02-07T09:12:42Z,56.6,ENSEM
PAT,2024-02-07T09:12:57Z,53.8,ENSEM
PAT,2024-02-07T09:13:12Z,54.8,ENSEM
PAT,2024-02-07T09:13:27Z,52.8,ENSEM
PAT,2024-02-07T09:13:42Z,53.0,ENSEM
PAT,2024-02-07T09:13:57Z,46.8,ENSEM
PAT,2024-02-07T09:14:12Z,47.4,ENSEM
PAT,2024-02-07T09:14:27Z,50.3,ENSEM
PAT,2024-02-07T09:14:42Z,50.0,ENSEM
PAT,2024-02-07T09:14:57Z,49.6,ENSEM
PAT,2024-02-07T09:15:15Z,49.8,ENSEM
PAT,2024-02-07T09:15:28Z,50.1,ENSEM
PAT,2024-02-07T09:15:43Z,50.5,ENSEM
PAT,2024-02-07T09:15:58Z,50.2,ENSEM
PAT,2024-02-07T09:16:13Z,50.6,ENSEM
PAT,2024-02-07T09:16:28Z,50.2,ENSEM
PAT,2024-02-07T09:16:43Z,50.5,ENSEM
PAT,2024-02-07T09:16:58Z,50.4,ENSEM
PAT,2024-02-07T09:17:13Z,50.9,ENSEM
PAT,2024-02-07T09:17:28Z,50.6,ENSEM
PAT,2024-02-07T09:17:43Z,50.3,ENSEM
PAT,2024-02-07T09:17:58Z,50.1,ENSEM
PAT,2024-02-07T09:18:14Z,54.1,ENSEM
PAT,2024-02-07T09:18:29Z,53.1,ENSEM
PAT,2024-02-07T09:18:44Z,52.6,ENSEM
PAT,2024-02-07T09:18:59Z,52.5,ENSEM
PAT,2024-02-07T09:19:14Z,53.0,ENSEM
PAT,2024-02-07T09:19:29Z,53.3,ENSEM
PAT,2024-02-07T09:19:44Z,50.5,ENSEM
PAT,2024-02-07T09:19:59Z,49.8,ENSEM
PAT,2024-02-07T09:20:14Z,49.4,ENSEM
PAT,2024-02-07T09:20:44Z,49.5,ENSEM
PAT,2024-02-07T09:20:59Z,49.3,ENSEM
PAT,2024-02-07T09:21:14Z,50.5,ENSEM
PAT,2024-02-07T09:21:30Z,49.9,ENSEM
PAT,2024-02-07T09:21:45Z,50.9,ENSEM
PAT,2024-02-07T09:22:15Z,52.7,ENSEM
PAT,2024-02-07T09:22:30Z,52.6,ENSEM
PAT,2024-02-07T09:22:45Z,52.2,ENSEM
PAT,2024-02-07T09:23:00Z,52.0,ENSEM
PAT,2024-02-07T09:23:15Z,53.1,ENSEM
PAT,2024-02-07T09:23:30Z,53.4,ENSEM
PAT,2024-02-07T09:23:45Z,52.7,ENSEM
PAT,2024-02-07T09:24:00Z,52.9,ENSEM
PAT,2024-02-07T09:24:15Z,54.3,ENSEM
PAT,2024-02-07T09:24:30Z,53.6,ENSEM
PAT,2024-02-07T09:24:45Z,55.9,ENSEM
PAT,2024-02-07T09:25:01Z,56.0,ENSEM
PAT,2024-02-07T09:25:16Z,56.6,ENSEM
PAT,2024-02-07T09:25:31Z,57.2,ENSEM
PAT,2024-02-07T09:25:46Z,57.3,ENSEM
PAT,2024-02-07T09:26:01Z,56.3,ENSEM
PAT,2024-02-07T09:26:16Z,53.4,ENSEM
PAT,2024-02-07T09:26:31Z,52.6,ENSEM
PAT,2024-02-07T09:26:46Z,52.9,ENSEM
PAT,2024-02-07T09:27:01Z,51.1,ENSEM
PAT,2024-02-07T09:27:16Z,51.7,ENSEM
PAT,2024-02-07T09:27:31Z,51.8,ENSEM
PAT,2024-02-07T09:27:46Z,48.8,ENSEM
PAT,2024-02-07T09:28:01Z,48.6,ENSEM
PAT,2024-02-07T09:28:16Z,49.4,ENSEM
PAT,2024-02-07T09:28:32Z,49.2,ENSEM
PAT,2024-02-07T09:28:47Z,48.7,ENSEM
PAT,2024-02-07T09:29:02Z,48.9,ENSEM
PAT,2024-02-07T09:29:17Z,48.3,ENSEM
PAT,2024-02-07T09:29:32Z,48.8,ENSEM
PAT,2024-02-07T09:29:47Z,48.4,ENSEM
PAT,2024-02-07T09:30:17Z,53.8,ENSEM
PAT,2024-02-07T09:30:17Z,50.7,ENSEM
PAT,2024-02-07T09:30:32Z,49.5,ENSEM
PAT,2024-02-07T09:30:47Z,50.1,ENSEM
PAT,2024-02-07T09:31:02Z,51.7,ENSEM
PAT,2024-02-07T09:31:17Z,53.5,ENSEM
PAT,2024-02-07T09:31:32Z,58.4,ENSEM
PAT,2024-02-07T09:31:48Z,59.1,ENSEM
PAT,2024-02-07T09:32:03Z,58.5,ENSEM
PAT,2024-02-07T09:32:18Z,58.7,ENSEM
PAT,2024-02-07T09:32:48Z,57.6,ENSEM
PAT,2024-02-07T09:33:03Z,56.4,ENSEM
PAT,2024-02-07T09:33:18Z,58.3,ENSEM
PAT,2024-02-07T09:33:33Z,57.3,ENSEM
PAT,2024-02-07T09:33:48Z,55.0,ENSEM
PAT,2024-02-07T09:34:03Z,57.5,ENSEM
PAT,2024-02-07T09:34:18Z,56.5,ENSEM
PAT,2024-02-07T09:34:33Z,57.5,ENSEM
PAT,2024-02-07T09:34:48Z,57.2,ENSEM
PAT,2024-02-07T09:35:03Z,53.6,ENSEM
PAT,2024-02-07T09:35:18Z,55.4,ENSEM
PAT,2024-02-07T09:35:34Z,59.1,ENSEM
PAT,2024-02-07T09:35:49Z,58.4,ENSEM
PAT,2024-02-07T09:36:04Z,53.6,ENSEM
PAT,2024-02-07T09:36:19Z,58.5,ENSEM
PAT,2024-02-07T09:36:34Z,57.2,ENSEM
PAT,2024-02-07T09:36:49Z,57.6,ENSEM
PAT,2024-02-07T09:37:04Z,58.7,ENSEM
PAT,2024-02-07T09:37:19Z,59.1,ENSEM
PAT,2024-02-07T09:37:34Z,57.7,ENSEM
PAT,2024-02-07T09:37:49Z,58.3,ENSEM
PAT,2024-02-07T09:38:04Z,60.1,ENSEM
PAT,2024-02-07T09:38:19Z,59.7,ENSEM
PAT,2024-02-07T09:38:34Z,60.1,ENSEM
PAT,2024-02-07T09:38:49Z,60.5,ENSEM
PAT,2024-02-07T09:39:05Z,61.1,ENSEM
PAT,2024-02-07T09:39:20Z,59.8,ENSEM
PAT,2024-02-07T09:39:35Z,57.8,ENSEM
PAT,2024-02-07T09:40:05Z,56.5,ENSEM
PAT,2024-02-07T09:40:20Z,57.2,ENSEM
PAT,2024-02-07T09:40:35Z,57.3,ENSEM
PAT,2024-02-07T09:40:50Z,57.4,ENSEM
PAT,2024-02-07T09:41:05Z,55.9,ENSEM
PAT,2024-02-07T09:41:20Z,56.7,ENSEM
PAT,2024-02-07T09:41:50Z,58.3,ENSEM
PAT,2024-02-07T09:42:05Z,57.0,ENSEM
PAT,2024-02-07T09:42:20Z,55.6,ENSEM
PAT,2024-02-07T09:42:35Z,57.0,ENSEM
PAT,2024-02-07T09:42:51Z,58.3,ENSEM
PAT,2024-02-07T09:43:06Z,59.2,ENSEM
PAT,2024-02-07T09:43:21Z,57.9,ENSEM
PAT,2024-02-07T09:43:36Z,57.3,ENSEM
PAT,2024-02-07T09:43:51Z,59.6,ENSEM
PAT,2024-02-07T09:44:06Z,60.1,ENSEM
PAT,2024-02-07T09:44:36Z,62.7,ENSEM
PAT,2024-02-07T09:44:51Z,61.9,ENSEM
PAT,2024-02-07T09:45:17Z,61.3,ENSEM
PAT,2024-02-07T09:45:21Z,60.5,ENSEM
PAT,2024-02-07T09:45:36Z,61.8,ENSEM
PAT,2024-02-07T09:45:52Z,63.3,ENSEM
PAT,2024-02-07T09:46:07Z,59.1,ENSEM
PAT,2024-02-07T09:46:22Z,58.5,ENSEM
PAT,2024-02-07T09:46:37Z,57.6,ENSEM
PAT,2024-02-07T09:46:52Z,57.0,ENSEM
PAT,2024-02-07T09:47:07Z,54.5,ENSEM
PAT,2024-02-07T09:47:23Z,58.8,ENSEM
PAT,2024-02-07T09:47:37Z,58.2,ENSEM
PAT,2024-02-07T09:47:52Z,58.5,ENSEM
PAT,2024-02-07T09:48:07Z,60.3,ENSEM
PAT,2024-02-07T09:48:22Z,58.6,ENSEM
PAT,2024-02-07T09:48:37Z,55.2,ENSEM
PAT,2024-02-07T09:48:52Z,56.1,ENSEM
PAT,2024-02-07T09:49:07Z,55.1,ENSEM
PAT,2024-02-07T09:49:22Z,55.6,ENSEM
PAT,2024-02-07T09:49:38Z,56.2,ENSEM
PAT,2024-02-07T09:49:53Z,56.4,ENSEM
PAT,2024-02-07T09:50:08Z,56.8,ENSEM
PAT,2024-02-07T09:50:23Z,55.5,ENSEM
PAT,2024-02-07T09:50:38Z,56.8,ENSEM
PAT,2024-02-07T09:50:53Z,58.0,ENSEM
PAT,2024-02-07T09:51:08Z,60.6,ENSEM
PAT,2024-02-07T09:51:23Z,60.0,ENSEM
PAT,2024-02-07T09:51:38Z,61.6,ENSEM
PAT,2024-02-07T09:51:53Z,60.8,ENSEM
PAT,2024-02-07T09:52:08Z,60.6,ENSEM
PAT,2024-02-07T09:52:23Z,58.3,ENSEM
PAT,2024-02-07T09:52:38Z,57.8,ENSEM
PAT,2024-02-07T09:52:54Z,59.0,ENSEM
PAT,2024-02-07T09:53:09Z,59.8,ENSEM
PAT,2024-02-07T09:53:24Z,54.8,ENSEM
PAT,2024-02-07T09:53:39Z,57.2,ENSEM
PAT,2024-02-07T09:53:54Z,58.5,ENSEM
PAT,2024-02-07T09:54:09Z,58.1,ENSEM
PAT,2024-02-07T09:54:24Z,56.0,ENSEM
PAT,2024-02-07T09:54:39Z,59.0,ENSEM
PAT,2024-02-07T09:54:54Z,57.9,ENSEM
PAT,2024-02-07T09:55:09Z,57.6,ENSEM
PAT,2024-02-07T09:55:24Z,57.2,ENSEM
PAT,2024-02-07T09:55:39Z,54.7,ENSEM
PAT,2024-02-07T09:55:54Z,58.3,ENSEM
PAT,2024-02-07T09:56:09Z,57.2,ENSEM
PAT,2024-02-07T09:56:24Z,56.9,ENSEM
PAT,2024-02-07T09:56:39Z,56.7,ENSEM
PAT,2024-02-07T09:56:55Z,55.4,ENSEM
PAT,2024-02-07T09:57:10Z,56.5,ENSEM
PAT,2024-02-07T09:57:25Z,57.4,ENSEM
PAT,2024-02-07T09:57:41Z,57.7,ENSEM
PAT,2024-02-07T09:57:56Z,54.9,ENSEM
PAT,2024-02-07T09:58:11Z,58.2,ENSEM
PAT,2024-02-07T09:58:26Z,61.5,ENSEM
PAT,2024-02-07T09:58:41Z,62.2,ENSEM
PAT,2024-02-07T09:58:56Z,59.9,ENSEM
PAT,2024-02-07T09:59:11Z,58.9,ENSEM
PAT,2024-02-07T09:59:26Z,58.1,ENSEM
PAT,2024-02-07T09:59:41Z,57.6,ENSEM
PAT,2024-02-07T09:59:56Z,53.8,ENSEM
PAT,2024-02-07T10:00:17Z,55.2,ENSEM
PAT,2024-02-07T10:00:26Z,53.1,ENSEM
PAT,2024-02-07T10:00:57Z,53.9,ENSEM
PAT,2024-02-07T10:01:12Z,54.8,ENSEM
PAT,2024-02-07T10:01:27Z,54.6,ENSEM
PAT,2024-02-07T10:01:57Z,53.6,ENSEM
PAT,2024-02-07T10:02:12Z,53.5,ENSEM
PAT,2024-02-07T10:02:27Z,51.4,ENSEM
PAT,2024-02-07T10:02:42Z,51.7,ENSEM
PAT,2024-02-07T10:02:57Z,55.1,ENSEM
PAT,2024-02-07T10:03:12Z,57.3,ENSEM
PAT,2024-02-07T10:03:27Z,52.8,ENSEM
PAT,2024-02-07T10:03:43Z,53.7,ENSEM
PAT,2024-02-07T10:03:58Z,55.8,ENSEM
PAT,2024-02-07T10:04:13Z,54.8,ENSEM
PAT,2024-02-07T10:04:28Z,53.2,ENSEM
PAT,2024-02-07T10:04:43Z,49.0,ENSEM
PAT,2024-02-07T10:04:58Z,52.8,ENSEM
PAT,2024-02-07T10:05:13Z,56.3,ENSEM
PAT,2024-02-07T10:05:43Z,58.5,ENSEM
PAT,2024-02-07T10:05:58Z,58.3,ENSEM
PAT,2024-02-07T10:06:13Z,59.1,ENSEM
PAT,2024-02-07T10:06:28Z,55.8,ENSEM
PAT,2024-02-07T10:06:43Z,52.0,ENSEM
PAT,2024-02-07T10:06:59Z,54.5,ENSEM
PAT,2024-02-07T10:07:14Z,53.3,ENSEM
PAT,2024-02-07T10:07:29Z,53.5,ENSEM
PAT,2024-02-07T10:07:59Z,49.7,ENSEM
PAT,2024-02-07T10:08:14Z,51.6,ENSEM
PAT,2024-02-07T10:08:29Z,55.9,ENSEM
PAT,2024-02-07T10:08:59Z,52.0,ENSEM
PAT,2024-02-07T10:09:14Z,54.2,ENSEM
PAT,2024-02-07T10:09:29Z,59.4,ENSEM
PAT,2024-02-07T10:09:44Z,58.0,ENSEM
PAT,2024-02-07T10:09:59Z,54.5,ENSEM
PAT,2024-02-07T10:10:14Z,56.4,ENSEM
PAT,2024-02-07T10:10:29Z,59.0,ENSEM
PAT,2024-02-07T10:10:45Z,57.6,ENSEM
PAT,2024-02-07T10:11:00Z,57.1,ENSEM
PAT,2024-02-07T10:11:15Z,54.5,ENSEM
PAT,2024-02-07T10:11:30Z,57.2,ENSEM
PAT,2024-02-07T10:11:45Z,58.8,ENSEM
PAT,2024-02-07T10:12:00Z,60.1,ENSEM
PAT,2024-02-07T10:12:15Z,59.7,ENSEM
PAT,2024-02-07T10:12:30Z,53.7,ENSEM
PAT,2024-02-07T10:12:45Z,57.0,ENSEM
PAT,2024-02-07T10:13:00Z,56.4,ENSEM
PAT,2024-02-07T10:13:15Z,53.6,ENSEM
PAT,2024-02-07T10:13:30Z,52.6,ENSEM
PAT,2024-02-07T10:13:45Z,53.3,ENSEM
PAT,2024-02-07T10:14:16Z,55.7,ENSEM
PAT,2024-02-07T10:14:31Z,53.2,ENSEM
PAT,2024-02-07T10:14:46Z,52.2,ENSEM
PAT,2024-02-07T10:15:16Z,55.9,ENSEM
PAT,2024-02-07T10:15:31Z,53.5,ENSEM
PAT,2024-02-07T10:15:46Z,50.9,ENSEM
PAT,2024-02-07T10:16:01Z,53.9,ENSEM
PAT,2024-02-07T10:16:16Z,54.4,ENSEM
PAT,2024-02-07T10:16:31Z,51.4,ENSEM
PAT,2024-02-07T10:17:01Z,55.1,ENSEM
PAT,2024-02-07T10:17:16Z,56.5,ENSEM
PAT,2024-02-07T10:17:47Z,53.5,ENSEM
PAT,2024-02-07T10:18:02Z,49.5,ENSEM
PAT,2024-02-07T10:18:17Z,54.0,ENSEM
PAT,2024-02-07T10:18:32Z,55.3,ENSEM
PAT,2024-02-07T10:18:47Z,51.4,ENSEM
PAT,2024-02-07T10:19:02Z,53.3,ENSEM
PAT,2024-02-07T10:19:17Z,57.7,ENSEM
PAT,2024-02-07T10:19:32Z,58.0,ENSEM
PAT,2024-02-07T10:19:47Z,55.1,ENSEM
PAT,2024-02-07T10:20:02Z,52.7,ENSEM
PAT,2024-02-07T10:20:17Z,55.4,ENSEM
PAT,2024-02-07T10:20:32Z,52.8,ENSEM
PAT,2024-02-07T10:20:47Z,50.7,ENSEM
PAT,2024-02-07T10:21:02Z,49.0,ENSEM
PAT,2024-02-07T10:21:17Z,50.7,ENSEM
PAT,2024-02-07T10:21:33Z,56.0,ENSEM
PAT,2024-02-07T10:21:48Z,55.4,ENSEM
PAT,2024-02-07T10:22:03Z,52.4,ENSEM
PAT,2024-02-07T10:22:18Z,51.0,ENSEM
PAT,2024-02-07T10:22:33Z,52.3,ENSEM
PAT,2024-02-07T10:22:48Z,53.2,ENSEM
PAT,2024-02-07T10:23:03Z,50.3,ENSEM
PAT,2024-02-07T10:23:18Z,48.8,ENSEM
PAT,2024-02-07T10:23:33Z,51.4,ENSEM
PAT,2024-02-07T10:23:48Z,53.6,ENSEM
PAT,2024-02-07T10:24:03Z,49.5,ENSEM
PAT,2024-02-07T10:24:18Z,47.9,ENSEM
PAT,2024-02-07T10:24:33Z,51.4,ENSEM
PAT,2024-02-07T10:24:48Z,52.6,ENSEM
PAT,2024-02-07T10:25:03Z,52.3,ENSEM
PAT,2024-02-07T10:25:19Z,50.2,ENSEM
PAT,2024-02-07T10:25:34Z,47.3,ENSEM
PAT,2024-02-07T10:25:49Z,54.3,ENSEM
PAT,2024-02-07T10:26:04Z,57.0,ENSEM
PAT,2024-02-07T10:26:19Z,54.5,ENSEM
PAT,2024-02-07T10:26:34Z,52.5,ENSEM
PAT,2024-02-07T10:26:49Z,53.2,ENSEM
PAT,2024-02-07T10:27:04Z,54.7,ENSEM
PAT,2024-02-07T10:27:19Z,52.8,ENSEM
PAT,2024-02-07T10:27:34Z,50.6,ENSEM
PAT,2024-02-07T10:27:49Z,55.4,ENSEM
PAT,2024-02-07T10:28:04Z,54.9,ENSEM
PAT,2024-02-07T10:28:34Z,53.0,ENSEM
PAT,2024-02-07T10:28:50Z,50.8,ENSEM
PAT,2024-02-07T10:29:05Z,51.7,ENSEM
PAT,2024-02-07T10:29:20Z,54.8,ENSEM
PAT,2024-02-07T10:29:35Z,53.3,ENSEM
PAT,2024-02-07T10:29:50Z,52.2,ENSEM
PAT,2024-02-07T10:30:16Z,54.6,ENSEM
PAT,2024-02-07T10:30:20Z,57.0,ENSEM
PAT,2024-02-07T10:30:35Z,52.9,ENSEM
PAT,2024-02-07T10:30:50Z,51.2,ENSEM
PAT,2024-02-07T10:31:05Z,54.4,ENSEM
PAT,2024-02-07T10:31:20Z,54.1,ENSEM
PAT,2024-02-07T10:31:35Z,56.0,ENSEM
PAT,2024-02-07T10:31:51Z,54.5,ENSEM
PAT,2024-02-07T10:32:06Z,53.9,ENSEM
PAT,2024-02-07T10:32:21Z,57.4,ENSEM
PAT,2024-02-07T10:32:36Z,57.1,ENSEM
PAT,2024-02-07T10:32:51Z,55.2,ENSEM
PAT,2024-02-07T10:33:06Z,53.1,ENSEM
PAT,2024-02-07T10:33:36Z,55.0,ENSEM
PAT,2024-02-07T10:33:51Z,53.2,ENSEM
PAT,2024-02-07T10:34:06Z,50.8,ENSEM
PAT,2024-02-07T10:34:21Z,50.4,ENSEM
PAT,2024-02-07T10:34:36Z,54.8,ENSEM
PAT,2024-02-07T10:34:51Z,54.6,ENSEM
PAT,2024-02-07T10:35:06Z,52.5,ENSEM
PAT,2024-02-07T10:35:21Z,49.9,ENSEM
PAT,2024-02-07T10:35:37Z,56.4,ENSEM
PAT,2024-02-07T10:35:52Z,58.2,ENSEM
PAT,2024-02-07T10:36:07Z,55.2,ENSEM
PAT,2024-02-07T10:36:22Z,51.4,ENSEM
PAT,2024-02-07T10:36:37Z,53.5,ENSEM
PAT,2024-02-07T10:36:52Z,54.3,ENSEM
PAT,2024-02-07T10:37:07Z,51.6,ENSEM
PAT,2024-02-07T10:37:22Z,49.9,ENSEM
PAT,2024-02-07T10:37:37Z,53.1,ENSEM
PAT,2024-02-07T10:37:52Z,55.6,ENSEM
PAT,2024-02-07T10:38:07Z,53.1,ENSEM
PAT,2024-02-07T10:38:22Z,55.2,ENSEM
PAT,2024-02-07T10:38:37Z,54.3,ENSEM
PAT,2024-02-07T10:38:52Z,57.4,ENSEM
PAT,2024-02-07T10:39:07Z,57.9,ENSEM
PAT,2024-02-07T10:39:22Z,55.5,ENSEM
PAT,2024-02-07T10:39:38Z,54.0,ENSEM
PAT,2024-02-07T10:39:53Z,54.7,ENSEM
PAT,2024-02-07T10:40:08Z,56.6,ENSEM
PAT,2024-02-07T10:40:23Z,54.6,ENSEM
PAT,2024-02-07T10:40:38Z,52.1,ENSEM
PAT,2024-02-07T10:40:53Z,51.7,ENSEM
PAT,2024-02-07T10:41:08Z,55.1,ENSEM
PAT,2024-02-07T10:41:23Z,54.2,ENSEM
PAT,2024-02-07T10:41:38Z,53.4,ENSEM
PAT,2024-02-07T10:41:53Z,55.6,ENSEM
PAT,2024-02-07T10:42:08Z,60.5,ENSEM
PAT,2024-02-07T10:42:23Z,59.4,ENSEM
PAT,2024-02-07T10:42:38Z,57.4,ENSEM
PAT,2024-02-07T10:42:53Z,54.4,ENSEM
PAT,2024-02-07T10:43:08Z,55.8,ENSEM
PAT,2024-02-07T10:43:24Z,60.6,ENSEM
PAT,2024-02-07T10:43:39Z,59.4,ENSEM
PAT,2024-02-07T10:43:54Z,57.3,ENSEM
PAT,2024-02-07T10:44:09Z,57.6,ENSEM
PAT,2024-02-07T10:44:24Z,59.8,ENSEM
PAT,2024-02-07T10:44:39Z,62.2,ENSEM
PAT,2024-02-07T10:44:54Z,58.8,ENSEM
PAT,2024-02-07T10:45:16Z,60.7,ENSEM
PAT,2024-02-07T10:45:24Z,63.0,ENSEM
PAT,2024-02-07T10:45:39Z,67.4,ENSEM
PAT,2024-02-07T10:45:54Z,63.4,ENSEM
PAT,2024-02-07T10:46:09Z,63.6,ENSEM
PAT,2024-02-07T10:46:25Z,69.2,ENSEM
PAT,2024-02-07T10:46:40Z,68.0,ENSEM
PAT,2024-02-07T10:46:55Z,66.6,ENSEM
PAT,2024-02-07T10:47:10Z,61.4,ENSEM
PAT,2024-02-07T10:47:25Z,60.2,ENSEM
PAT,2024-02-07T10:47:40Z,66.2,ENSEM
PAT,2024-02-07T10:47:55Z,67.1,ENSEM
PAT,2024-02-07T10:48:10Z,61.9,ENSEM
PAT,2024-02-07T10:48:25Z,63.3,ENSEM
PAT,2024-02-07T10:48:40Z,67.3,ENSEM
PAT,2024-02-07T10:48:55Z,64.8,ENSEM
PAT,2024-02-07T10:49:10Z,61.3,ENSEM
PAT,2024-02-07T10:49:25Z,60.5,ENSEM
PAT,2024-02-07T10:49:40Z,63.1,ENSEM
PAT,2024-02-07T10:49:55Z,65.7,ENSEM
PAT,2024-02-07T10:50:11Z,67.0,ENSEM
PAT,2024-02-07T10:50:26Z,64.2,ENSEM
PAT,2024-02-07T10:50:41Z,65.8,ENSEM
PAT,2024-02-07T10:50:56Z,67.5,ENSEM
PAT,2024-02-07T10:51:11Z,69.7,ENSEM
PAT,2024-02-07T10:51:26Z,65.3,ENSEM
PAT,2024-02-07T10:51:41Z,65.6,ENSEM
PAT,2024-02-07T10:51:56Z,68.8,ENSEM
PAT,2024-02-07T10:52:11Z,64.9,ENSEM
PAT,2024-02-07T10:52:26Z,57.6,ENSEM
PAT,2024-02-07T10:52:41Z,56.5,ENSEM
PAT,2024-02-07T10:52:56Z,60.6,ENSEM
PAT,2024-02-07T10:53:11Z,60.9,ENSEM
PAT,2024-02-07T10:53:26Z,59.7,ENSEM
PAT,2024-02-07T10:53:41Z,55.3,ENSEM
PAT,2024-02-07T10:53:57Z,56.3,ENSEM
PAT,2024-02-07T10:54:12Z,61.0,ENSEM
PAT,2024-02-07T10:54:27Z,60.7,ENSEM
PAT,2024-02-07T10:54:42Z,55.1,ENSEM
PAT,2024-02-07T10:54:57Z,54.5,ENSEM
PAT,2024-02-07T10:55:12Z,56.0,ENSEM
PAT,2024-02-07T10:55:27Z,56.2,ENSEM
PAT,2024-02-07T10:55:42Z,52.6,ENSEM
PAT,2024-02-07T10:55:57Z,53.6,ENSEM
PAT,2024-02-07T10:56:12Z,56.7,ENSEM
PAT,2024-02-07T10:56:27Z,56.3,ENSEM
PAT,2024-02-07T10:56:42Z,52.5,ENSEM
PAT,2024-02-07T10:56:57Z,51.4,ENSEM
PAT,2024-02-07T10:57:12Z,52.2,ENSEM
PAT,2024-02-07T10:57:27Z,56.3,ENSEM
PAT,2024-02-07T10:57:43Z,58.4,ENSEM
PAT,2024-02-07T10:57:59Z,57.8,ENSEM
PAT,2024-02-07T10:58:14Z,53.9,ENSEM
PAT,2024-02-07T10:58:29Z,55.7,ENSEM
PAT,2024-02-07T10:58:44Z,56.4,ENSEM
PAT,2024-02-07T10:58:59Z,55.2,ENSEM
PAT,2024-02-07T10:59:14Z,50.6,ENSEM
PAT,2024-02-07T10:59:29Z,51.0,ENSEM
PAT,2024-02-07T10:59:44Z,55.8,ENSEM
PAT,2024-02-07T10:59:59Z,56.0,ENSEM
PAT,2024-02-07T11:00:16Z,51.6,ENSEM
PAT,2024-02-07T11:00:29Z,50.9,ENSEM
PAT,2024-02-07T11:00:44Z,51.9,ENSEM
PAT,2024-02-07T11:01:00Z,54.0,ENSEM
PAT,2024-02-07T11:01:15Z,56.0,ENSEM
PAT,2024-02-07T11:01:30Z,56.1,ENSEM
PAT,2024-02-07T11:01:45Z,55.3,ENSEM
PAT,2024-02-07T11:02:00Z,60.0,ENSEM
PAT,2024-02-07T11:02:15Z,61.7,ENSEM
PAT,2024-02-07T11:02:30Z,58.2,ENSEM
PAT,2024-02-07T11:02:45Z,54.6,ENSEM
PAT,2024-02-07T11:03:00Z,59.7,ENSEM
PAT,2024-02-07T11:03:15Z,58.0,ENSEM
PAT,2024-02-07T11:03:30Z,58.4,ENSEM
PAT,2024-02-07T11:03:45Z,60.8,ENSEM
PAT,2024-02-07T11:04:00Z,63.1,ENSEM
PAT,2024-02-07T11:04:15Z,63.6,ENSEM
PAT,2024-02-07T11:04:30Z,65.3,ENSEM
PAT,2024-02-07T11:04:46Z,62.3,ENSEM
PAT,2024-02-07T11:05:01Z,57.8,ENSEM
PAT,2024-02-07T11:05:16Z,64.2,ENSEM
PAT,2024-02-07T11:05:46Z,62.1,ENSEM
PAT,2024-02-07T11:06:01Z,60.8,ENSEM
PAT,2024-02-07T11:06:16Z,63.9,ENSEM
PAT,2024-02-07T11:06:31Z,66.0,ENSEM
PAT,2024-02-07T11:06:46Z,65.5,ENSEM
PAT,2024-02-07T11:07:01Z,60.1,ENSEM
PAT,2024-02-07T11:07:16Z,61.6,ENSEM
PAT,2024-02-07T11:07:31Z,66.0,ENSEM
PAT,2024-02-07T11:07:46Z,64.4,ENSEM
PAT,2024-02-07T11:08:01Z,63.8,ENSEM
PAT,2024-02-07T11:08:17Z,64.2,ENSEM
PAT,2024-02-07T11:08:32Z,65.6,ENSEM
PAT,2024-02-07T11:08:47Z,64.9,ENSEM
PAT,2024-02-07T11:09:02Z,61.1,ENSEM
PAT,2024-02-07T11:09:17Z,58.3,ENSEM
PAT,2024-02-07T11:09:32Z,61.8,ENSEM
PAT,2024-02-07T11:09:47Z,65.0,ENSEM
PAT,2024-02-07T11:10:02Z,62.1,ENSEM
PAT,2024-02-07T11:10:17Z,60.2,ENSEM
PAT,2024-02-07T11:10:32Z,64.4,ENSEM
PAT,2024-02-07T11:10:47Z,67.3,ENSEM
PAT,2024-02-07T11:11:02Z,63.1,ENSEM
PAT,2024-02-07T11:11:17Z,57.3,ENSEM
PAT,2024-02-07T11:11:32Z,60.3,ENSEM
PAT,2024-02-07T11:11:47Z,63.7,ENSEM
PAT,2024-02-07T11:12:03Z,62.3,ENSEM
PAT,2024-02-07T11:12:18Z,59.7,ENSEM
PAT,2024-02-07T11:12:33Z,58.4,ENSEM
PAT,2024-02-07T11:12:48Z,60.3,ENSEM
PAT,2024-02-07T11:13:03Z,62.1,ENSEM
PAT,2024-02-07T11:13:18Z,58.9,ENSEM
PAT,2024-02-07T11:13:33Z,57.2,ENSEM
PAT,2024-02-07T11:13:48Z,60.9,ENSEM
PAT,2024-02-07T11:14:03Z,63.2,ENSEM
PAT,2024-02-07T11:14:18Z,61.3,ENSEM
PAT,2024-02-07T11:14:33Z,58.6,ENSEM
PAT,2024-02-07T11:14:48Z,59.7,ENSEM
PAT,2024-02-07T11:15:16Z,64.9,ENSEM
PAT,2024-02-07T11:15:19Z,62.0,ENSEM
PAT,2024-02-07T11:15:34Z,64.2,ENSEM
PAT,2024-02-07T11:15:49Z,60.5,ENSEM
PAT,2024-02-07T11:16:04Z,64.1,ENSEM
PAT,2024-02-07T11:16:19Z,65.6,ENSEM
PAT,2024-02-07T11:16:34Z,65.0,ENSEM
PAT,2024-02-07T11:16:49Z,62.6,ENSEM
PAT,2024-02-07T11:17:04Z,64.5,ENSEM
PAT,2024-02-07T11:17:19Z,65.7,ENSEM
PAT,2024-02-07T11:17:34Z,63.0,ENSEM
PAT,2024-02-07T11:17:49Z,61.5,ENSEM
PAT,2024-02-07T11:18:04Z,61.0,ENSEM
PAT,2024-02-07T11:18:20Z,64.2,ENSEM
PAT,2024-02-07T11:18:35Z,63.6,ENSEM
PAT,2024-02-07T11:19:05Z,59.7,ENSEM
PAT,2024-02-07T11:19:20Z,60.5,ENSEM
PAT,2024-02-07T11:19:35Z,61.9,ENSEM
PAT,2024-02-07T11:19:50Z,60.5,ENSEM
PAT,2024-02-07T11:20:05Z,57.5,ENSEM
PAT,2024-02-07T11:20:20Z,57.3,ENSEM
PAT,2024-02-07T11:20:35Z,61.9,ENSEM
PAT,2024-02-07T11:20:50Z,61.2,ENSEM
PAT,2024-02-07T11:21:05Z,56.5,ENSEM
PAT,2024-02-07T11:21:20Z,54.6,ENSEM
PAT,2024-02-07T11:21:35Z,59.3,ENSEM
PAT,2024-02-07T11:21:51Z,64.5,ENSEM
PAT,2024-02-07T11:22:06Z,61.4,ENSEM
PAT,2024-02-07T11:22:21Z,61.8,ENSEM
PAT,2024-02-07T11:22:36Z,62.9,ENSEM
PAT,2024-02-07T11:22:51Z,66.2,ENSEM
PAT,2024-02-07T11:23:06Z,67.3,ENSEM
PAT,2024-02-07T11:23:21Z,62.4,ENSEM
PAT,2024-02-07T11:23:36Z,61.7,ENSEM
PAT,2024-02-07T11:23:51Z,63.4,ENSEM
PAT,2024-02-07T11:24:06Z,65.6,ENSEM
PAT,2024-02-07T11:24:21Z,60.6,ENSEM
PAT,2024-02-07T11:24:36Z,61.0,ENSEM
PAT,2024-02-07T11:24:51Z,64.9,ENSEM
PAT,2024-02-07T11:25:06Z,64.8,ENSEM
PAT,2024-02-07T11:25:22Z,60.2,ENSEM
PAT,2024-02-07T11:25:37Z,61.8,ENSEM
PAT,2024-02-07T11:25:52Z,66.5,ENSEM
PAT,2024-02-07T11:26:07Z,63.9,ENSEM
PAT,2024-02-07T11:26:22Z,60.8,ENSEM
PAT,2024-02-07T11:26:37Z,63.1,ENSEM
PAT,2024-02-07T11:26:52Z,60.3,ENSEM
PAT,2024-02-07T11:27:07Z,64.1,ENSEM
PAT,2024-02-07T11:27:22Z,63.9,ENSEM
PAT,2024-02-07T11:27:37Z,61.9,ENSEM
PAT,2024-02-07T11:27:52Z,63.1,ENSEM
PAT,2024-02-07T11:28:07Z,61.1,ENSEM
PAT,2024-02-07T11:28:22Z,60.8,ENSEM
PAT,2024-02-07T11:28:37Z,62.7,ENSEM
PAT,2024-02-07T11:28:52Z,63.5,ENSEM
PAT,2024-02-07T11:29:08Z,61.9,ENSEM
PAT,2024-02-07T11:29:23Z,63.3,ENSEM
PAT,2024-02-07T11:29:38Z,63.7,ENSEM
PAT,2024-02-07T11:29:53Z,55.7,ENSEM
PAT,2024-02-07T11:30:16Z,57.0,ENSEM
PAT,2024-02-07T11:30:23Z,59.8,ENSEM
PAT,2024-02-07T11:30:38Z,59.5,ENSEM
PAT,2024-02-07T11:30:53Z,55.3,ENSEM
PAT,2024-02-07T11:31:08Z,56.2,ENSEM
PAT,2024-02-07T11:31:23Z,58.3,ENSEM
PAT,2024-02-07T11:31:38Z,58.2,ENSEM
PAT,2024-02-07T11:31:53Z,53.9,ENSEM
PAT,2024-02-07T11:32:08Z,55.7,ENSEM
PAT,2024-02-07T11:32:24Z,53.7,ENSEM
PAT,2024-02-07T11:32:39Z,58.6,ENSEM
PAT,2024-02-07T11:33:09Z,52.6,ENSEM
PAT,2024-02-07T11:33:39Z,57.5,ENSEM
PAT,2024-02-07T11:33:54Z,58.0,ENSEM
PAT,2024-02-07T11:34:09Z,53.6,ENSEM
PAT,2024-02-07T11:34:24Z,52.7,ENSEM
PAT,2024-02-07T11:34:39Z,57.0,ENSEM
PAT,2024-02-07T11:34:54Z,60.7,ENSEM
PAT,2024-02-07T11:35:09Z,56.4,ENSEM
PAT,2024-02-07T11:35:25Z,56.2,ENSEM
PAT,2024-02-07T11:35:40Z,52.6,ENSEM
PAT,2024-02-07T11:35:55Z,57.3,ENSEM
PAT,2024-02-07T11:36:10Z,57.0,ENSEM
PAT,2024-02-07T11:36:25Z,49.8,ENSEM
PAT,2024-02-07T11:36:40Z,53.6,ENSEM
PAT,2024-02-07T11:36:55Z,52.8,ENSEM
PAT,2024-02-07T11:37:10Z,53.1,ENSEM
PAT,2024-02-07T11:37:25Z,49.0,ENSEM
PAT,2024-02-07T11:37:40Z,49.2,ENSEM
PAT,2024-02-07T11:37:55Z,53.6,ENSEM
PAT,2024-02-07T11:38:10Z,54.3,ENSEM
PAT,2024-02-07T11:38:25Z,49.7,ENSEM
PAT,2024-02-07T11:38:40Z,49.1,ENSEM
PAT,2024-02-07T11:38:55Z,52.2,ENSEM
PAT,2024-02-07T11:39:11Z,53.1,ENSEM
PAT,2024-02-07T11:39:41Z,50.0,ENSEM
PAT,2024-02-07T11:39:56Z,48.9,ENSEM
PAT,2024-02-07T11:40:11Z,52.4,ENSEM
PAT,2024-02-07T11:40:26Z,53.3,ENSEM
PAT,2024-02-07T11:40:41Z,50.8,ENSEM
PAT,2024-02-07T11:40:56Z,49.9,ENSEM
PAT,2024-02-07T11:41:11Z,53.9,ENSEM
PAT,2024-02-07T11:41:26Z,56.5,ENSEM
PAT,2024-02-07T11:41:41Z,53.5,ENSEM
PAT,2024-02-07T11:41:56Z,52.9,ENSEM
PAT,2024-02-07T11:42:11Z,55.5,ENSEM
PAT,2024-02-07T11:42:26Z,57.0,ENSEM
PAT,2024-02-07T11:42:42Z,52.4,ENSEM
PAT,2024-02-07T11:42:57Z,51.2,ENSEM
PAT,2024-02-07T11:43:12Z,53.0,ENSEM
PAT,2024-02-07T11:43:27Z,51.1,ENSEM
PAT,2024-02-07T11:43:42Z,55.6,ENSEM
PAT,2024-02-07T11:43:57Z,54.5,ENSEM
PAT,2024-02-07T11:44:12Z,51.6,ENSEM
PAT,2024-02-07T11:44:27Z,53.5,ENSEM
PAT,2024-02-07T11:44:42Z,56.2,ENSEM
PAT,2024-02-07T11:44:57Z,54.1,ENSEM
PAT,2024-02-07T11:45:17Z,51.3,ENSEM
PAT,2024-02-07T11:45:27Z,52.2,ENSEM
PAT,2024-02-07T11:45:42Z,55.3,ENSEM
PAT,2024-02-07T11:45:57Z,53.8,ENSEM
PAT,2024-02-07T11:46:12Z,48.9,ENSEM
PAT,2024-02-07T11:46:28Z,50.1,ENSEM
PAT,2024-02-07T11:46:43Z,53.3,ENSEM
PAT,2024-02-07T11:46:58Z,52.3,ENSEM
PAT,2024-02-07T11:47:13Z,48.9,ENSEM
PAT,2024-02-07T11:47:28Z,50.2,ENSEM
PAT,2024-02-07T11:47:43Z,54.2,ENSEM
PAT,2024-02-07T11:47:58Z,53.8,ENSEM
PAT,2024-02-07T11:48:13Z,51.9,ENSEM
PAT,2024-02-07T11:48:28Z,48.6,ENSEM
PAT,2024-02-07T11:48:43Z,49.3,ENSEM
PAT,2024-02-07T11:48:58Z,52.4,ENSEM
PAT,2024-02-07T11:49:13Z,50.0,ENSEM
PAT,2024-02-07T11:49:28Z,45.9,ENSEM
PAT,2024-02-07T11:49:43Z,46.7,ENSEM
PAT,2024-02-07T11:49:59Z,50.4,ENSEM
PAT,2024-02-07T11:50:14Z,48.8,ENSEM
PAT,2024-02-07T11:50:29Z,46.3,ENSEM
PAT,2024-02-07T11:50:59Z,50.4,ENSEM
PAT,2024-02-07T11:51:14Z,49.2,ENSEM
PAT,2024-02-07T11:51:44Z,46.5,ENSEM
PAT,2024-02-07T11:51:59Z,45.6,ENSEM
PAT,2024-02-07T11:52:14Z,51.3,ENSEM
PAT,2024-02-07T11:52:29Z,49.4,ENSEM
PAT,2024-02-07T11:52:44Z,46.1,ENSEM
PAT,2024-02-07T11:52:59Z,46.5,ENSEM
PAT,2024-02-07T11:53:14Z,51.0,ENSEM
PAT,2024-02-07T11:53:30Z,49.3,ENSEM
PAT,2024-02-07T11:53:45Z,48.2,ENSEM
PAT,2024-02-07T11:54:00Z,49.1,ENSEM
PAT,2024-02-07T11:54:15Z,53.3,ENSEM
PAT,2024-02-07T11:54:30Z,51.8,ENSEM
PAT,2024-02-07T11:54:45Z,52.4,ENSEM
PAT,2024-02-07T11:55:00Z,48.6,ENSEM
PAT,2024-02-07T11:55:15Z,45.4,ENSEM
PAT,2024-02-07T11:55:30Z,49.8,ENSEM
PAT,2024-02-07T11:55:45Z,49.5,ENSEM
PAT,2024-02-07T11:56:00Z,46.0,ENSEM
PAT,2024-02-07T11:56:30Z,47.3,ENSEM
PAT,2024-02-07T11:56:45Z,49.1,ENSEM
PAT,2024-02-07T11:57:00Z,45.4,ENSEM
PAT,2024-02-07T11:57:16Z,44.8,ENSEM
PAT,2024-02-07T11:57:31Z,45.2,ENSEM
PAT,2024-02-07T11:57:46Z,44.3,ENSEM
PAT,2024-02-07T11:58:01Z,45.3,ENSEM
PAT,2024-02-07T11:58:16Z,45.0,ENSEM
PAT,2024-02-07T11:58:31Z,44.5,ENSEM
PAT,2024-02-07T11:58:46Z,42.6,ENSEM
PAT,2024-02-07T11:59:01Z,43.4,ENSEM
PAT,2024-02-07T11:59:16Z,42.9,ENSEM
PAT,2024-02-07T11:59:31Z,44.7,ENSEM
PAT,2024-02-07T11:59:47Z,43.7,ENSEM
PAT,2024-02-07T12:00:17Z,45.6,ENSEM
PAT,2024-02-07T12:00:32Z,46.1,ENSEM
PAT,2024-02-07T12:00:47Z,47.3,ENSEM
PAT,2024-02-07T12:01:02Z,47.8,ENSEM
PAT,2024-02-07T12:01:17Z,45.3,ENSEM
PAT,2024-02-07T12:01:32Z,44.8,ENSEM
PAT,2024-02-07T12:01:47Z,46.0,ENSEM
PAT,2024-02-07T12:02:02Z,45.7,ENSEM
PAT,2024-02-07T12:02:17Z,45.0,ENSEM
PAT,2024-02-07T12:03:33Z,45.8,ENSEM
PAT,2024-02-07T12:03:48Z,45.6,ENSEM
PAT,2024-02-07T12:04:03Z,44.9,ENSEM
PAT,2024-02-07T12:04:18Z,43.2,ENSEM
PAT,2024-02-07T12:04:33Z,44.0,ENSEM
PAT,2024-02-07T12:04:48Z,43.6,ENSEM
PAT,2024-02-07T12:05:18Z,42.7,ENSEM
PAT,2024-02-07T12:05:33Z,43.0,ENSEM
PAT,2024-02-07T12:05:48Z,43.2,ENSEM
PAT,2024-02-07T12:06:03Z,43.8,ENSEM
PAT,2024-02-07T12:06:19Z,45.7,ENSEM
PAT,2024-02-07T12:06:49Z,45.8,ENSEM
PAT,2024-02-07T12:07:04Z,45.4,ENSEM
PAT,2024-02-07T12:07:19Z,45.7,ENSEM
PAT,2024-02-07T12:07:34Z,46.0,ENSEM
PAT,2024-02-07T12:07:49Z,42.8,ENSEM
PAT,2024-02-07T12:08:04Z,42.9,ENSEM
PAT,2024-02-07T12:08:19Z,42.0,ENSEM
PAT,2024-02-07T12:08:34Z,42.3,ENSEM
PAT,2024-02-07T12:08:49Z,43.0,ENSEM
PAT,2024-02-07T12:09:04Z,42.4,ENSEM
PAT,2024-02-07T12:09:19Z,42.0,ENSEM
PAT,2024-02-07T12:09:34Z,42.5,ENSEM
PAT,2024-02-07T12:10:05Z,42.0,ENSEM
PAT,2024-02-07T12:10:20Z,42.2,ENSEM
PAT,2024-02-07T12:10:35Z,43.2,ENSEM
PAT,2024-02-07T12:10:50Z,42.7,ENSEM
PAT,2024-02-07T12:11:05Z,43.1,ENSEM
PAT,2024-02-07T12:11:20Z,42.8,ENSEM
PAT,2024-02-07T12:11:35Z,43.3,ENSEM
PAT,2024-02-07T12:11:50Z,43.4,ENSEM
PAT,2024-02-07T12:12:05Z,42.9,ENSEM
PAT,2024-02-07T12:12:20Z,42.3,ENSEM
PAT,2024-02-07T12:12:35Z,45.4,ENSEM
PAT,2024-02-07T12:12:50Z,45.2,ENSEM
PAT,2024-02-07T12:13:05Z,45.1,ENSEM
PAT,2024-02-07T12:13:20Z,44.1,ENSEM
PAT,2024-02-07T12:13:36Z,44.6,ENSEM
PAT,2024-02-07T12:13:51Z,44.1,ENSEM
PAT,2024-02-07T12:14:06Z,42.4,ENSEM
PAT,2024-02-07T12:14:21Z,42.9,ENSEM
PAT,2024-02-07T12:14:36Z,42.5,ENSEM
PAT,2024-02-07T12:14:51Z,42.7,ENSEM
PAT,2024-02-07T12:15:17Z,42.5,ENSEM
PAT,2024-02-07T12:15:21Z,41.8,ENSEM
PAT,2024-02-07T12:15:36Z,42.7,ENSEM
PAT,2024-02-07T12:15:51Z,42.0,ENSEM
PAT,2024-02-07T12:16:06Z,42.3,ENSEM
PAT,2024-02-07T12:16:21Z,42.5,ENSEM
PAT,2024-02-07T12:16:37Z,43.2,ENSEM
PAT,2024-02-07T12:16:52Z,42.3,ENSEM
PAT,2024-02-07T12:17:07Z,41.8,ENSEM
PAT,2024-02-07T12:17:22Z,42.3,ENSEM
PAT,2024-02-07T12:17:37Z,43.9,ENSEM
PAT,2024-02-07T12:17:52Z,43.2,ENSEM
PAT,2024-02-07T12:18:07Z,42.3,ENSEM
PAT,2024-02-07T12:18:22Z,41.8,ENSEM
PAT,2024-02-07T12:18:52Z,45.3,ENSEM
PAT,2024-02-07T12:19:07Z,46.0,ENSEM
PAT,2024-02-07T12:19:22Z,45.0,ENSEM
PAT,2024-02-07T12:19:52Z,45.7,ENSEM
PAT,2024-02-07T12:20:08Z,44.9,ENSEM
PAT,2024-02-07T12:20:23Z,43.7,ENSEM
PAT,2024-02-07T12:20:38Z,44.1,ENSEM
PAT,2024-02-07T12:21:08Z,42.8,ENSEM
PAT,2024-02-07T12:21:23Z,43.8,ENSEM
PAT,2024-02-07T12:21:38Z,43.2,ENSEM
PAT,2024-02-07T12:21:53Z,44.6,ENSEM
PAT,2024-02-07T12:22:08Z,42.5,ENSEM
PAT,2024-02-07T12:22:23Z,43.1,ENSEM
PAT,2024-02-07T12:22:38Z,42.8,ENSEM
PAT,2024-02-07T12:22:53Z,43.2,ENSEM
PAT,2024-02-07T12:23:08Z,41.5,ENSEM
PAT,2024-02-07T12:23:23Z,41.8,ENSEM
PAT,2024-02-07T12:23:38Z,41.7,ENSEM
PAT,2024-02-07T12:23:53Z,43.1,ENSEM
PAT,2024-02-07T12:24:08Z,42.4,ENSEM
PAT,2024-02-07T12:24:39Z,41.7,ENSEM
PAT,2024-02-07T12:24:54Z,42.2,ENSEM
PAT,2024-02-07T12:25:09Z,44.6,ENSEM
PAT,2024-02-07T12:25:24Z,44.8,ENSEM
PAT,2024-02-07T12:25:39Z,44.0,ENSEM
PAT,2024-02-07T12:25:54Z,45.0,ENSEM
PAT,2024-02-07T12:26:09Z,47.1,ENSEM
PAT,2024-02-07T12:26:25Z,43.3,ENSEM
PAT,2024-02-07T12:26:40Z,44.2,ENSEM
PAT,2024-02-07T12:26:55Z,45.7,ENSEM
PAT,2024-02-07T12:27:10Z,46.2,ENSEM
PAT,2024-02-07T12:27:25Z,44.9,ENSEM
PAT,2024-02-07T12:27:40Z,45.1,ENSEM
PAT,2024-02-07T12:27:55Z,46.8,ENSEM
PAT,2024-02-07T12:28:25Z,45.1,ENSEM
PAT,2024-02-07T12:28:40Z,45.7,ENSEM
PAT,2024-02-07T12:28:56Z,45.9,ENSEM
PAT,2024-02-07T12:29:11Z,46.7,ENSEM
PAT,2024-02-07T12:29:26Z,46.8,ENSEM
PAT,2024-02-07T12:29:41Z,45.3,ENSEM
PAT,2024-02-07T12:30:11Z,46.9,ENSEM
PAT,2024-02-07T12:30:26Z,45.4,ENSEM
PAT,2024-02-07T12:30:56Z,44.2,ENSEM
PAT,2024-02-07T12:31:11Z,46.6,ENSEM
PAT,2024-02-07T12:31:26Z,46.0,ENSEM
PAT,2024-02-07T12:31:41Z,46.2,ENSEM
PAT,2024-02-07T12:31:57Z,47.3,ENSEM
PAT,2024-02-07T12:32:12Z,47.2,ENSEM
PAT,2024-02-07T12:32:27Z,46.3,ENSEM
PAT,2024-02-07T12:32:42Z,42.8,ENSEM
PAT,2024-02-07T12:32:57Z,44.1,ENSEM
PAT,2024-02-07T12:33:12Z,44.7,ENSEM
PAT,2024-02-07T12:33:27Z,42.6,ENSEM
PAT,2024-02-07T12:33:42Z,42.5,ENSEM
PAT,2024-02-07T12:33:57Z,43.5,ENSEM
PAT,2024-02-07T12:34:12Z,42.7,ENSEM
PAT,2024-02-07T12:34:42Z,43.3,ENSEM
PAT,2024-02-07T12:34:57Z,44.4,ENSEM
PAT,2024-02-07T12:35:12Z,43.8,ENSEM
PAT,2024-02-07T12:35:27Z,44.1,ENSEM
PAT,2024-02-07T12:35:58Z,46.4,ENSEM
PAT,2024-02-07T12:36:13Z,44.7,ENSEM
PAT,2024-02-07T12:36:28Z,45.0,ENSEM
PAT,2024-02-07T12:36:43Z,43.8,ENSEM
PAT,2024-02-07T12:36:58Z,42.4,ENSEM
PAT,2024-02-07T12:37:13Z,44.6,ENSEM
PAT,2024-02-07T12:37:28Z,44.1,ENSEM
PAT,2024-02-07T12:37:43Z,43.4,ENSEM
PAT,2024-02-07T12:37:58Z,47.0,ENSEM
PAT,2024-02-07T12:38:13Z,46.2,ENSEM
PAT,2024-02-07T12:38:28Z,47.1,ENSEM
PAT,2024-02-07T12:38:43Z,45.2,ENSEM
PAT,2024-02-07T12:38:58Z,46.2,ENSEM
PAT,2024-02-07T12:39:13Z,46.0,ENSEM
PAT,2024-02-07T12:39:29Z,42.2,ENSEM
PAT,2024-02-07T12:39:44Z,44.4,ENSEM
PAT,2024-02-07T12:40:14Z,43.3,ENSEM
PAT,2024-02-07T12:40:29Z,42.4,ENSEM
PAT,2024-02-07T12:40:44Z,43.3,ENSEM
PAT,2024-02-07T12:40:59Z,44.2,ENSEM
PAT,2024-02-07T12:41:14Z,42.9,ENSEM
PAT,2024-02-07T12:41:29Z,42.2,ENSEM
PAT,2024-02-07T12:41:44Z,42.3,ENSEM
PAT,2024-02-07T12:41:59Z,42.7,ENSEM
PAT,2024-02-07T12:42:14Z,43.1,ENSEM
PAT,2024-02-07T12:42:29Z,42.9,ENSEM
PAT,2024-02-07T12:42:45Z,43.4,ENSEM
PAT,2024-02-07T12:43:00Z,44.3,ENSEM
PAT,2024-02-07T12:43:15Z,43.2,ENSEM
PAT,2024-02-07T12:43:30Z,42.7,ENSEM
PAT,2024-02-07T12:43:45Z,42.4,ENSEM
PAT,2024-02-07T12:44:00Z,42.1,ENSEM
PAT,2024-02-07T12:44:15Z,41.6,ENSEM
PAT,2024-02-07T12:44:30Z,44.5,ENSEM
PAT,2024-02-07T12:44:45Z,44.1,ENSEM
PAT,2024-02-07T12:45:16Z,44.8,ENSEM
PAT,2024-02-07T12:45:30Z,43.4,ENSEM
PAT,2024-02-07T12:45:46Z,43.9,ENSEM
PAT,2024-02-07T12:46:01Z,44.9,ENSEM
PAT,2024-02-07T12:46:16Z,41.6,ENSEM
PAT,2024-02-07T12:46:31Z,41.0,ENSEM
PAT,2024-02-07T12:46:46Z,41.5,ENSEM
PAT,2024-02-07T12:47:01Z,42.5,ENSEM
PAT,2024-02-07T12:47:16Z,42.2,ENSEM
PAT,2024-02-07T12:47:31Z,42.6,ENSEM
PAT,2024-02-07T12:47:46Z,42.1,ENSEM
PAT,2024-02-07T12:48:01Z,41.9,ENSEM
PAT,2024-02-07T12:48:16Z,42.0,ENSEM
PAT,2024-02-07T12:48:31Z,41.7,ENSEM
PAT,2024-02-07T12:48:47Z,41.4,ENSEM
PAT,2024-02-07T12:49:02Z,41.8,ENSEM
PAT,2024-02-07T12:49:17Z,42.8,ENSEM
PAT,2024-02-07T12:49:32Z,41.7,ENSEM
PAT,2024-02-07T12:49:47Z,41.9,ENSEM
PAT,2024-02-07T12:50:02Z,42.9,ENSEM
PAT,2024-02-07T12:50:17Z,42.6,ENSEM
PAT,2024-02-07T12:50:32Z,42.5,ENSEM
PAT,2024-02-07T12:50:47Z,43.6,ENSEM
PAT,2024-02-07T12:51:02Z,44.0,ENSEM
PAT,2024-02-07T12:51:17Z,44.3,ENSEM
PAT,2024-02-07T12:51:32Z,44.1,ENSEM
PAT,2024-02-07T12:51:47Z,46.0,ENSEM
PAT,2024-02-07T12:52:03Z,46.9,ENSEM
PAT,2024-02-07T12:52:18Z,43.8,ENSEM
PAT,2024-02-07T12:52:33Z,44.0,ENSEM
PAT,2024-02-07T12:52:48Z,43.4,ENSEM
PAT,2024-02-07T12:53:03Z,44.3,ENSEM
PAT,2024-02-07T12:53:18Z,43.6,ENSEM
PAT,2024-02-07T12:53:33Z,45.1,ENSEM
PAT,2024-02-07T12:53:48Z,44.0,ENSEM
PAT,2024-02-07T12:54:03Z,44.6,ENSEM
PAT,2024-02-07T12:54:18Z,44.7,ENSEM
PAT,2024-02-07T12:54:33Z,44.8,ENSEM
PAT,2024-02-07T12:54:48Z,42.1,ENSEM
PAT,2024-02-07T12:55:03Z,43.3,ENSEM
PAT,2024-02-07T12:55:18Z,43.2,ENSEM
PAT,2024-02-07T12:55:33Z,43.4,ENSEM
PAT,2024-02-07T12:55:49Z,42.1,ENSEM
PAT,2024-02-07T12:56:04Z,43.0,ENSEM
PAT,2024-02-07T12:56:19Z,43.4,ENSEM
PAT,2024-02-07T12:56:34Z,43.0,ENSEM
PAT,2024-02-07T12:56:49Z,45.6,ENSEM
PAT,2024-02-07T12:57:04Z,45.9,ENSEM
PAT,2024-02-07T12:57:19Z,46.6,ENSEM
